Dz,Dz,647085726898323476
spoonmammal,spoonmammal,407791512940707840
le knight,Knight | ğŸ‘‘ ğŸ· â¤,590205774119305216
groovy gravy,tom.,748716157732651011
GrimReaperdy,grimreaperdy,704078441649274980
le florecita ğŸ¥°,flowey,766002347360387123
Stan,Glimmer,701762894387478558
Sjon,Sjon,539516460930695178
lemurk,Lemurek,447759363608936450
BluePhaze_24x7,BluePhaze_24x7,317401023801196544
BANANA165 | Van Man,BANANA165,468169977913016320
le macareux,puffin.,332968824598953985
MauriceMoss,JoeFleegle,500662261140946944
Kera,Keraczan | a.k.a Kera,718475505258725377
wavert â˜†,Wa3v,427961624070979584
surfyjack ğŸ¤™,JiffyJack,771825801653256242
happy.,happy.,551261859492134943
le giga jag,Jig Jag,782671699157450792
Block,Block,396799782657458186
NinjaApe,NinjaApe,500806862032207875
gorgieporgie10,gorgieporgie10,864290380827721741
Atomic,Atomic,515598111410880516
Scrubby,Scrubby,864269141694873612
comet,comet,679357498146160641
TheShaperacerGuyÂ®,pixl,715896782776696832
Robotpuppy ğŸ¤–ğŸ¶,Robotpuppy,822194993723605043
cheesecakeâ€ [å¸Œæœ›],cheesecakeâ€ [å¸Œæœ›],455778365450747916
Kyle,Kyle,261347617273806848
Weez,ThyGreatestWeez,611363027362643979
TooManyMusic,Musical Tune,489076647727857685
Toomanypelican,TooManyPelican,383025851610038272
LeCanadianGoat | fell off,LeCanadianGoat,629838786343206922
private space = ğ“ƒ»,RainbowFireBeast,320537683615285263
Golodupiku,Golodupiku,710917832082194464
everyone,anohre,497494501942624256
B0T | hyped for SSC EP 2,B0T,809144932341776424
"pood" | Unofficially "retired",P100D,651946872247943188
invalid-user,doodle,434907482184351745
KillxSwitch_97,KillxSwitch_97,682464792627118098
Suicide King,Suicide King,151141726491377672
Blanket_Boi27,Blanket_Boi27,695721909618475089
.nah,nah,489607522353676288
Blah,BlahWoofYackety,768007026994446356
CanadianDoggo,sekuru,849727037497409566
Stan | StormZz,Stormzz,520317871218229253
almostexpired,almostexpired,958312352321798144
DoggosGG ğŸ‡®ğŸ‡¹ | inactive boi,DoggosGG,682034196025573423
warrior,warrior,621474949667880960
à¤¶à¥‚à¤¨à¥à¤¯,zeropointfusion,969587480879845417
Ribokin,ABorikin,709715941570641960
fab'm,fab'm,156114702278066177
le pez globÃ³n,Blobby,780147920380231742
â‚¬| Â¶Ã·Î¼Â¶!Â§,ElPupis,717462317075267686
! peach,prick.peach,767112014404911115
Yen,Toxic Bot,682655254441230336
The Yeeter | Big Man by beloved,The Yeeter,540957431409410078
Â§pino â™†,Â§pinonimus â™†,886315567194210354
Werty,werty528,399404641848393738
le bis,Encore,499306250954211330
V-lon | Onehance,Onehance,507967949789986853
kar-lean,kar-lean,949038877065216081
Irish,DA_1RISH_KID,798673611073781820
Austin,Austin.,688819681800487001
Le HÃ¤wk: I'm Sad But Ok, Promise,HÃ¤wk,583068576156614834
treb,treb,538855384362778624
backround npc,Villager2781,575398556127723530
Cali Boy,CALI,366299500077252610
GengR,GengR,382612465558487050
natorinator,Nator27,336686930030755840
Le LeLe,LayLay,756596370928042056
MoistCrumpet916,Sxm,572127284866318337
á²¼,Incoming,298927976249294849
thâ‚‘ man,Publicspace,378312331253383169
Kylux,Kylux,448396254238474240
TwitchPid,TwitchPid,998993875068792944
le lluviecita,rain.,346173660001730562
dankdriver99,dankdriver99,310735135962300416
Elrond,ELROND,495246870499557377
le ruibarbo,rhu,518577524041580544
TwitchPid,TwitchPid,478929041865441296
hyl0 :3,hyl0,952955111741747231
maxx,maxx,541329363145064469
Aspen!,Aspen!,665812041130573852
ğŸ¦†PATUğŸ¦†|ğŸ¦†| ğ¿ğ‘’ğ’¸ğ’½ğ‘œğ“ƒğ“€,ğŸ¦†PATUğŸ¦†,317705292974653443
Brokko,Brokko,265173106417598464
Rip Fleset,RipFleset,284637613694910474
dm for cdt judge app,dwarf,719883758878195782
Cobalt,Cobalt,537029274499285014
lacking motion,static,285848720602431488
Google GOAT Assistant,Googosh,306839489752596482
eyezayugh,eyezayugh,741350161367695422
chihuahua.,chihuahua.,792255240891400232
